シロコ（水着）,水シロコ
アイリ,
アイリ（バンド）,バアイリ
アオバ,
アカネ,
アカネ（バニーガール）,バアカネ
アカリ,
アカリ（正月）,正アカリ
アコ,
アコ（ドレス）,ドアコ
アズサ,
アズサ（水着）,水アズサ
アスナ,
アスナ（バニーガール）,バアスナ
アスナ（制服）,制アスナ
アツコ,
アツコ（水着）,水アツコ
アヤネ,
アヤネ（水着）,水アヤネ
アリス,
アリス（メイド）,メアリス
アル,
アル（ドレス）,ドアル
アル（正月）,正アル
イオリ,
イオリ（水着）,水イオリ
イズナ,
イズナ（水着）,水イズナ
イズミ,
イズミ（水着）,水イズミ
イズミ（正月）,正イズミ
イチカ,
イブキ,
イロハ,
ウイ,
ウイ（水着）,水ウイ
ウタハ,
ウタハ（応援団）,応ウタハ
ウミカ,
エイミ,
エイミ（水着）,水エイミ
カエデ,
カズサ,
カズサ（バンド）,バカズサ
カスミ,
カホ,
カヨコ,
カヨコ（ドレス）,ドカヨコ
カヨコ（正月）,正カヨコ
カリン,
カリン（バニーガール）,バカリン
カリン（制服）,制カリン
カンナ,
カンナ（水着）,水カンナ
キキョウ,
キサキ,
キララ,
キリノ,
キリノ（水着）,水キリノ
ココナ,
コタマ,
コタマ（キャンプ）,キコタマ
コトリ,
コトリ（応援団）,応コトリ
コハル,
コハル（水着）,水コハル
コユキ,
サオリ,
サオリ（ドレス）,ドサオリ
サオリ（水着）,水サオリ
サキ,
サキ（水着）,水サキ
サクラコ,
サクラコ（アイドル）,アサクラコ
サツキ,
サヤ,
サヤ（私服）,私サヤ
シグレ,
シグレ（温泉）,温シグレ
シズコ,
シズコ（水着）,水シズコ
シミコ,
ジュリ,
ジュリ（アルバイト）,アジュリ
シュン,
シュン（幼女）,幼シュン
ジュンコ,
ジュンコ（正月）,正ジュンコ
シロコ,
シロコ（ライディング）,ラシロコ
シロコ＊テラー,シロコ＊
スズミ,
スミレ,
スミレ（アルバイト）,アスミレ
セイア,
セナ,
セナ（私服）,私セナ
セリカ,
セリカ（水着）,水セリカ
セリカ（正月）,正セリカ
セリナ,
セリナ（クリスマス）,クセリナ
チアキ,
チェリノ,
チェリノ（温泉）,温チェリノ
チセ,
チセ（水着）,水チセ
チナツ,
チナツ（温泉）,温チナツ
チヒロ,
ツクヨ,
ツバキ,
ツバキ（ガイド）,ガツバキ
ツルギ,
ツルギ（水着）,水ツルギ
トキ,
トキ（バニーガール）,バトキ
トモエ,
トモエ（チーパオ）,チトモエ
ナギサ,
ナツ,
ネル,
ネル（バニーガール）,バネル
ネル（制服）,制ネル
ノア,
ノア（パジャマ）,パノア
ノゾミ,
ノドカ,
ノドカ（温泉）,温ノドカ
ノノミ,
ノノミ（水着）,水ノノミ
ハスミ,
ハスミ（体操服）,体ハスミ
ハナエ,
ハナエ（クリスマス）,クハナエ
ハナコ,
ハナコ（水着）,水ハナコ
ハルカ,
ハルカ（正月）,正ハルカ
ハルナ,
ハルナ（正月）,正ハルナ
ハルナ（体操服）,体ハルナ
ハレ,
ハレ（キャンプ）,キハレ
ヒカリ,
ヒナ,
ヒナ（ドレス）,ドヒナ
ヒナ（水着）,水ヒナ
ヒナタ,
ヒナタ（水着）,水ヒナタ
ヒビキ,
ヒビキ（応援団）,応ヒビキ
ヒフミ,
ヒフミ（水着）,水ヒフミ
ヒマリ,
ヒヨリ,
ヒヨリ（水着）,水ヒヨリ
フィーナ,
フウカ,
フウカ（正月）,正フウカ
フブキ,
フブキ（水着）,水フブキ
ホシノ,
ホシノ（水着）,水ホシノ
ホシノ（臨戦）,臨ホシノ
ホシノ（臨戦）,臨ホシノ
マキ,
マキ（キャンプ）,キマキ
マコト,
マシロ,
マシロ（水着）,水マシロ
マリー,
マリー（アイドル）,アマリー
マリー（体操服）,体マリー
マリナ,
マリナ（チーパオ）,チマリナ
ミカ,
ミサキ,
ミチル,
ミドリ,
ミドリ（メイド）,メミドリ
ミナ,
ミネ,
ミネ（アイドル）,アミネ
ミノリ,
ミモリ,
ミモリ（水着）,水ミモリ
ミヤコ,
ミヤコ（水着）,水ミヤコ
ミユ,
ミユ（水着）,水ミユ
ムツキ,
ムツキ（正月）,正ムツキ
メグ,
メル,
モエ,
モエ（水着）,水モエ
モミジ,
モモイ,
モモイ（メイド）,メモモイ
ユウカ,
ユウカ（パジャマ）,パユウカ
ユウカ（体操服）,体ユウカ
ユカリ,
ユズ,
ユズ（メイド）,メユズ
ヨシミ,
ヨシミ（バンド）,バヨシミ
リオ,
ルミ,
レイ,
レイサ,
レイジョ,
レンゲ,
ワカモ,
ワカモ（水着）,水ワカモ
御坂美琴,
佐天涙子,
初音ミク,
食蜂操祈,
